Product Name,Price
Combo Pack Of 3 Casual Shoes Canvas Shoes For Men,₹499
sports shoes for men | Latest Stylish Casual sneakers f...,₹339
445 Sports Shoes (Walking & Gym Shoes) Running Shoes Fo...,₹389
Lightweight Gymwear Sport Running Shoes For Men Walking...,₹329
"Cosko Sports Shoes,Running Shoes,Walking Shoes,Training...",₹640
Running Shoes For Men,₹294
Bouncer-01 Running shoes for boys | sports shoes for me...,₹759
Knight Ace Canvas Shoes For Men,₹299
Walking shoes Running Shoes For Men,₹249
Running Running Shoes For Men,₹279
WNDR-13 Running Shoes For Men,₹474
Running Shoes For Men,₹499
Combo Pack of 4 Casual Sneakers With Sneakers For Men,₹463
171 Smart Tan Lace-Ups Casuals for Men Sneakers For Men,₹236
Casuals For Men,₹499
Hattrick-09 Running shoes for boys |sports shoes for me...,₹854
489 Outdoors Mesh Lace-Ups Smart Casuals Shoes for Men ...,₹299
Combo Pack of 2 Casual Shoes Loafers For Men,₹474
Sneakers For Women,₹348
Combo Pack of 3 Casual Shoes Sneakers For Men,₹679
SOCKS Running Shoes For Men,₹499
Running Shoes For Men,₹298
"Cosko Sports Shoes,Running Shoes,Walking Shoes,Training...",₹640
Casuals For Men,₹499
Running Shoes For Men,₹899
"Cosko Sports Shoes,Running Shoes,Walking Shoes,Training...",₹640
VERTIGO BLK RUNNING SHOES For MEN 8 Running Shoes For M...,₹799
"Training,Walking,Gym,Sports Walking Shoes For Men",₹299
Running Shoes For Men,₹494
EMERGO RUNNER LP Running Shoes For Men,"₹1,709"
170 Smart Grey Lace-Ups Casuals for Men Sneakers For Me...,₹236
Men Sports Running Shoes For Men,₹399
Combo Pack Of 5 Casual Shoes Canvas Shoes For Men,₹699
Sneakers For Men,₹284
Sneakers For Men,₹199
casual for men sneaker shoes high top shoes stylish Hig...,₹449
Climber Boots For Men,₹474
Walking Shoes For Women,₹499
Combo Pack of 4 Sports Shoes Walking Shoes For Men,₹698
Nagra for Men ( Brown 07 ) Jutis For Men,₹474
